11	big_window_title_text
4	body_text_large
6	body_text_large_2
8	text_body_large
9	text_body_default
10	text_body_small_print
29	text_label_standard
30	text_title_screen
31	text_title_section
32	text_title_body
12	rect_dark
63	rect_dark_2
13	rect_light
64	rect_light_2
14	title_text
71	title_text_2
15	subtitle_text
72	subtitle_text_2
16	general_text
73	general_text_2
17	rect_disabled_overlay_dark
18	rect_disabled_overlay_light
46	tab_header_24px
47	tab_header_24px_2
48	tab_header_24px_3
60	input_invisible
65	rect_highlight
66	rect_highlight_2
67	rect_outline
68	rect_outline_2
69	rect_selected
70	rect_selected_2
1	background_default
5	background_default_2
74	background_default_3
75	background_tab_default
76	background_tab_default_2
77	background_tab_default_3
78	background_thick_default
79	background_thick_default_2
80	background_thick_default_3
81	background_thick_black
82	background_thick_black_2
83	background_thick_black_3
84	background_thin
85	background_thin_2
86	background_thin_3
87	button_cornered_neutral
88	button_cornered_neutral_2
89	button_cornered_neutral_3
90	button_cornered_positive
91	button_cornered_positive_2
92	button_cornered_positive_3
93	button_cornered_negative
94	button_cornered_negative_2
95	button_cornered_negative_3
96	button_default
97	button_default_2
98	button_default_3
99	button_square_neutral
100	button_square_neutral_2
101	button_square_neutral_3
102	button_square_positive
103	button_square_positive_2
104	button_square_positive_3
105	button_square_negative
106	button_square_negative_2
107	button_square_negative_3
111	checkbox_default
112	checkbox_default_2
113	checkbox_default_3
114	dropdown_default
115	dropdown_default_2
116	dropdown_default_3
117	input_default
118	input_default_2
119	input_default_3
19	big_window_desc_text
20	big_window_banner_text
21	big_window_price_text_l
22	big_window_price_text_c
23	big_window_sale_text
7	mtx_benefits_inline_buttons